motif,length,net_charge,mean_hydrophobicity,hydrophobic_moment,amphipathicity_score,amp_validity_score,support,ig_score
VLHTALKA,8,2,0.95,1.8042596304468934,1.4795661025480085,4.938641363971794,2,0.2313053188286758
IAK,3,1,0.7999999999999999,2.814804728293773,0.6640367702678489,4.578022449920246,3,0.2515123138557043
LKF,3,1,0.8999999999999999,1.7137596491654585,0.7162978701990244,4.531549225178015,2,0.4077052827877082
SKV,3,1,-0.16666666666666666,2.221358045165872,-0.16514041292462933,3.2544743629025903,2,0.4593908323337706
KLG,3,1,-0.1666666666666667,1.9018406718318162,-0.1651404129246294,3.223947989836492,2,0.4422573220575336
KSAK,4,2,-1.7000000000000002,1.9153029293628219,-1.8708181412061982,1.5189563464933753,2,0.2508036744227904
