motif_id,score,consensus,n_seqlets
7,0.4593908323337706,SKV,2
24,0.4422573220575336,KLG,2
47,0.4077052827877082,LKF,2
6,0.2515123138557043,IAK,3
1,0.25080367442279045,KSAK,2
3,0.23130531882867586,VLHTALKA,2
